,type,id,lat,lon,tags_addr:city,tags_amenity,tags_name,geometry,index_right,ZIPCODE,BLDGZIP,PO_NAME,POPULATION,AREA,STATE,COUNTY,ST_FIPS,CTY_FIPS,URL,SHAPE_AREA,SHAPE_LEN
1,node,368062431,40.8096772,-73.9617322,,,Marcellus Hartley Dodge Physical Fitness Center,POINT (-73.9617322 40.8096772),42,10027,0,New York,58639.0,24695278.5042902,NY,New York,36,061,http://www.usps.com/,0.0,0.0
39,node,2562438643,40.8098104,-73.9517284,New York,,New York Sports Clubs,POINT (-73.95172839999999 40.8098104),42,10027,0,New York,58639.0,24695278.5042902,NY,New York,36,061,http://www.usps.com/,0.0,0.0
150,way,271628046,40.8052332,-73.9432924,,,Marcus Garvey Park Pool,POINT (-73.9432924 40.8052332),42,10027,0,New York,58639.0,24695278.5042902,NY,New York,36,061,http://www.usps.com/,0.0,0.0
151,way,271628051,40.8049939,-73.944867,,,Pelham Fritz Recreation Center,POINT (-73.944867 40.8049939),42,10027,0,New York,58639.0,24695278.5042902,NY,New York,36,061,http://www.usps.com/,0.0,0.0
2,node,368062435,40.615,-74.0958333,,,Spiro Sports Center,POINT (-74.0958333 40.615),130,10301,0,Staten Island,40438.0,105182712.649568,NY,Richmond,36,085,http://www.usps.com/,0.0,0.0
110,way,35018713,40.6371808,-74.0742939,,,Lyons Pool & Fitness Center,POINT (-74.0742939 40.6371808),130,10301,0,Staten Island,40438.0,105182712.649568,NY,Richmond,36,085,http://www.usps.com/,0.0,0.0
3,node,368062438,40.7383333,-73.8197222,,,Fitzgerald Gymnasium,POINT (-73.8197222 40.7383333),88,11367,0,Flushing,41773.0,72810151.5885401,NY,Queens,36,081,http://www.usps.com/,0.0,0.0
4,node,368062449,40.8522154,-73.8449349,,,Falk Recreation Center,POINT (-73.8449349 40.8522154),29,10461,0,Bronx,50549.0,62824057.5745278,NY,Bronx,36,005,http://www.usps.com/,0.0,0.0
5,node,368062464,40.71,-73.9975,,,Alfred E Smith Recreation Center,POINT (-73.9975 40.71),100,10038,0,New York,19127.0,7022760.64302604,NY,New York,36,061,http://www.usps.com/,0.0,0.0
7,node,368062504,40.6897222,-73.9466667,,,Tompkins Park Recreation Center,POINT (-73.94666669999999 40.6897222),183,11216,0,Brooklyn,53862.0,26478229.2634433,NY,Kings,36,047,http://www.usps.com/,0.0,0.0
138,way,250003197,40.6853432,-73.9536748,,,Bedford Branch YMCA,POINT (-73.9536748 40.6853432),183,11216,0,Brooklyn,53862.0,26478229.2634433,NY,Kings,36,047,http://www.usps.com/,0.0,0.0
8,node,368062506,40.7269935,-73.9533347,,,Greenpoint Branch YMCA,POINT (-73.9533347 40.7269935),91,11222,0,Brooklyn,36315.0,42825293.236702,NY,Kings,36,047,http://www.usps.com/,0.0,0.0
57,node,3362422969,40.7232869,-73.9506593,Brooklyn,,Awakening NY,POINT (-73.9506593 40.7232869),91,11222,0,Brooklyn,36315.0,42825293.236702,NY,Kings,36,047,http://www.usps.com/,0.0,0.0
84,node,4924481992,40.7295632,-73.9499923,Brooklyn,,WillyB Crossfit - Greenpoint,POINT (-73.94999230000001 40.7295632),91,11222,0,Brooklyn,36315.0,42825293.236702,NY,Kings,36,047,http://www.usps.com/,0.0,0.0
93,node,5910442380,40.7187712,-73.9481292,,,Brooklyn Barbell Club,POINT (-73.9481292 40.7187712),91,11222,0,Brooklyn,36315.0,42825293.236702,NY,Kings,36,047,http://www.usps.com/,0.0,0.0
9,node,368062525,40.7077778,-73.9580556,,,Eastern District YMCA,POINT (-73.95805559999999 40.7077778),200,11211,0,Brooklyn,60861.0,40470881.6712834,NY,Kings,36,047,http://www.usps.com/,0.0,0.0
32,node,2187917032,40.7114592,-73.9612027,Brooklyn,,Loom Yoga,POINT (-73.9612027 40.7114592),200,11211,0,Brooklyn,60861.0,40470881.6712834,NY,Kings,36,047,http://www.usps.com/,0.0,0.0
95,node,5910442402,40.7116737,-73.9458762,,,WillyB Barbell Club,POINT (-73.9458762 40.7116737),200,11211,0,Brooklyn,60861.0,40470881.6712834,NY,Kings,36,047,http://www.usps.com/,0.0,0.0
10,node,368062529,40.6561111,-73.9027778,,,Brownsville Recreation Center,POINT (-73.9027778 40.6561111),2,11212,0,Brooklyn,83866.0,41972104.0714198,NY,Kings,36,047,http://www.usps.com/,0.0,0.0
11,node,368062546,40.7444444,-73.9963889,,,McBurney YMCA,POINT (-73.9963889 40.7444444),83,10011,0,New York,50594.0,18118416.8463268,NY,New York,36,061,http://www.usps.com/,0.0,0.0
28,node,2020721439,40.7379758,-73.997829,,,YMCA McBurney,POINT (-73.997829 40.7379758),83,10011,0,New York,50594.0,18118416.8463268,NY,New York,36,061,http://www.usps.com/,0.0,0.0
79,node,4466935954,40.7345704,-73.9986472,New York,,Jofferey ballet school,POINT (-73.99864719999999 40.7345704),83,10011,0,New York,50594.0,18118416.8463268,NY,New York,36,061,http://www.usps.com/,0.0,0.0
80,node,4475184475,40.7433061,-73.9942688,New York,,Peleton,POINT (-73.9942688 40.7433061),83,10011,0,New York,50594.0,18118416.8463268,NY,New York,36,061,http://www.usps.com/,0.0,0.0
12,node,368062558,40.7707317,-73.9804233,,,West Side YMCA,POINT (-73.9804233 40.7707317),60,10023,0,New York,62800.0,15212712.6781593,NY,New York,36,061,http://www.usps.com/,0.0,0.0
16,node,1669534151,40.7744583,-73.9811766,,,Equinox,POINT (-73.9811766 40.7744583),60,10023,0,New York,62800.0,15212712.6781593,NY,New York,36,061,http://www.usps.com/,0.0,0.0
14,node,1453985752,40.6401153,-74.0223438,,,Father Tom Joyce Sports Complex,POINT (-74.0223438 40.6401153),129,11220,0,Brooklyn,97257.0,47453785.7906374,NY,Kings,36,047,http://www.usps.com/,0.0,0.0
24,node,1725365402,40.6815332,-73.9799836,,,Class One MMA,POINT (-73.9799836 40.6815332),116,11217,0,Brooklyn,36615.0,21648157.7960373,NY,Kings,36,047,http://www.usps.com/,0.0,0.0
26,node,2014444456,40.6796547,-73.9842356,,,Brooklyn Boulders,POINT (-73.98423560000001 40.6796547),116,11217,0,Brooklyn,36615.0,21648157.7960373,NY,Kings,36,047,http://www.usps.com/,0.0,0.0
89,node,5745779290,40.68249,-73.9860889,,,Gotham Archery,POINT (-73.9860889 40.68249),116,11217,0,Brooklyn,36615.0,21648157.7960373,NY,Kings,36,047,http://www.usps.com/,0.0,0.0
128,way,241845996,40.67923,-73.9829519,,,Homage Skateboard Academy,POINT (-73.9829519 40.67923),116,11217,0,Brooklyn,36615.0,21648157.7960373,NY,Kings,36,047,http://www.usps.com/,0.0,0.0
129,way,241845999,40.6792121,-73.9841723,,,Brooklyn Fencing Center,POINT (-73.9841723 40.6792121),116,11217,0,Brooklyn,36615.0,21648157.7960373,NY,Kings,36,047,http://www.usps.com/,0.0,0.0
134,way,248157003,40.6816549,-73.9842801,,,Court 16,POINT (-73.98428010000001 40.6816549),116,11217,0,Brooklyn,36615.0,21648157.7960373,NY,Kings,36,047,http://www.usps.com/,0.0,0.0
25,node,2012413416,40.7452448,-73.9326999,,,Cityview Racquet club,POINT (-73.9326999 40.7452448),76,11101,0,Long Island City,26254.0,78962088.741757,NY,Queens,36,081,http://www.usps.com/,0.0,0.0
51,node,2846621602,40.7557985,-73.9232207,,,Life Health & Fitness,POINT (-73.9232207 40.7557985),76,11101,0,Long Island City,26254.0,78962088.741757,NY,Queens,36,081,http://www.usps.com/,0.0,0.0
66,node,3865095757,40.74224,-73.933849,,,Extreme Sports,POINT (-73.933849 40.74224),76,11101,0,Long Island City,26254.0,78962088.741757,NY,Queens,36,081,http://www.usps.com/,0.0,0.0
76,node,4446116266,40.7525859,-73.9401946,Long Island City,,Brooklyn Boulders Queensbridge,POINT (-73.9401946 40.7525859),76,11101,0,Long Island City,26254.0,78962088.741757,NY,Queens,36,081,http://www.usps.com/,0.0,0.0
27,node,2020487653,40.7361264,-73.9756907,,,Asser Levy,POINT (-73.9756907 40.7361264),87,10010,0,New York,29881.0,9768395.56994528,NY,New York,36,061,http://www.usps.com/,0.0,0.0
75,node,4429416441,40.7433807,-73.9915176,New York,,Studio Anya,POINT (-73.99151759999999 40.7433807),87,10010,0,New York,29881.0,9768395.56994528,NY,New York,36,061,http://www.usps.com/,0.0,0.0
77,node,4446150427,40.7409495,-73.9936764,New York,,The Monster Cycle,POINT (-73.9936764 40.7409495),87,10010,0,New York,29881.0,9768395.56994528,NY,New York,36,061,http://www.usps.com/,0.0,0.0
78,node,4466933324,40.7417781,-73.9907438,New York,,Uplift Studio,POINT (-73.9907438 40.7417781),87,10010,0,New York,29881.0,9768395.56994528,NY,New York,36,061,http://www.usps.com/,0.0,0.0
29,node,2043309113,40.7643261,-73.9154713,Queens,,NYSC,POINT (-73.91547129999999 40.7643261),71,11103,0,Astoria,38234.0,20222394.6255259,NY,Queens,36,081,http://www.usps.com/,0.0,0.0
34,node,2259025498,40.7643544,-73.9115969,,,Astoria Dance Center,POINT (-73.91159690000001 40.7643544),71,11103,0,Astoria,38234.0,20222394.6255259,NY,Queens,36,081,http://www.usps.com/,0.0,0.0
30,node,2185003524,40.5895618,-73.8987658,,,Aviator Sports,POINT (-73.89876580000001 40.5895618),132,11234,0,Brooklyn,85853.0,206201040.087973,NY,Kings,36,047,http://www.usps.com/,0.0,0.0
31,node,2185003542,40.601943,-73.8899994,,,RC Aircraft Flying,POINT (-73.88999939999999 40.601943),132,11234,0,Brooklyn,85853.0,206201040.087973,NY,Kings,36,047,http://www.usps.com/,0.0,0.0
58,node,3452649638,40.5864622,-73.8798903,,,The Floyd Bennett Field Archery Range,POINT (-73.8798903 40.5864622),132,11234,0,Brooklyn,85853.0,206201040.087973,NY,Kings,36,047,http://www.usps.com/,0.0,0.0
33,node,2206252112,40.7722375,-73.7684117,,,World of Discovery Day Camp,POINT (-73.7684117 40.7722375),255,11361,0,Bayside,28496.0,50163518.2433512,NY,Queens,36,081,http://www.usps.com/,0.0,0.0
56,node,2881810194,40.7630778,-73.7705235,,,Lucille Roberts,POINT (-73.7705235 40.7630778),255,11361,0,Bayside,28496.0,50163518.2433512,NY,Queens,36,081,http://www.usps.com/,0.0,0.0
35,node,2321125647,40.69789,-73.9942706,Brooklyn,,Eastern Athletics,POINT (-73.99427059999999 40.69789),108,11201,0,Brooklyn,53041.0,41094886.7657365,NY,Kings,36,047,http://www.usps.com/,0.0,0.0
36,node,2322155477,40.6954796,-73.9962669,Brooklyn,,Heights Casino,POINT (-73.99626689999999 40.6954796),108,11201,0,Brooklyn,53041.0,41094886.7657365,NY,Kings,36,047,http://www.usps.com/,0.0,0.0
131,way,245221173,40.6885007,-73.9913602,Brooklyn,,New York Sports Club,POINT (-73.9913602 40.6885007),108,11201,0,Brooklyn,53041.0,41094886.7657365,NY,Kings,36,047,http://www.usps.com/,0.0,0.0
132,way,245221197,40.6883028,-73.9916043,,,New York Sports Club,POINT (-73.99160430000001 40.6883028),108,11201,0,Brooklyn,53041.0,41094886.7657365,NY,Kings,36,047,http://www.usps.com/,0.0,0.0
133,way,248153051,40.6867385,-73.9935165,,,Court Street Health & Fitness,POINT (-73.9935165 40.6867385),108,11201,0,Brooklyn,53041.0,41094886.7657365,NY,Kings,36,047,http://www.usps.com/,0.0,0.0
177,way,328275185,40.69956,-73.9988144,,,,POINT (-73.9988144 40.69956),108,11201,0,Brooklyn,53041.0,41094886.7657365,NY,Kings,36,047,http://www.usps.com/,0.0,0.0
37,node,2377128171,40.7475912,-73.9970941,New York,,Midtown Tennis Club,POINT (-73.9970941 40.7475912),82,10001,0,New York,22413.0,17794940.7727089,NY,New York,36,061,http://www.usps.com/,0.0,0.0
68,node,3958246946,40.7443775,-73.9901207,New York,,PopPhysique,POINT (-73.99012070000001 40.7443775),82,10001,0,New York,22413.0,17794940.7727089,NY,New York,36,061,http://www.usps.com/,0.0,0.0
81,node,4477606145,40.7508501,-74.0060476,New York,,Body by Simone,POINT (-74.0060476 40.7508501),82,10001,0,New York,22413.0,17794940.7727089,NY,New York,36,061,http://www.usps.com/,0.0,0.0
82,node,4546354204,40.74453,-73.9893113,New York,dojo,Evolution Muay Thai,POINT (-73.9893113 40.74453),82,10001,0,New York,22413.0,17794940.7727089,NY,New York,36,061,http://www.usps.com/,0.0,0.0
94,node,5910442389,40.7457368,-73.9900731,,,Manhattan Barbell,POINT (-73.9900731 40.7457368),82,10001,0,New York,22413.0,17794940.7727089,NY,New York,36,061,http://www.usps.com/,0.0,0.0
192,way,405049889,40.7482959,-74.0022198,,,Chelsea Recreation Center,POINT (-74.00221980000001 40.7482959),82,10001,0,New York,22413.0,17794940.7727089,NY,New York,36,061,http://www.usps.com/,0.0,0.0
38,node,2552903078,40.5775708,-73.9598031,Brooklyn,,Boardwalk Billiards,POINT (-73.9598031 40.5775708),148,11235,0,Brooklyn,76130.0,69053803.0317134,NY,Kings,36,047,http://www.usps.com/,0.0,0.0
40,node,2565076143,40.6892254,-73.9234589,,,Blink Fitness,POINT (-73.9234589 40.6892254),179,11221,0,Brooklyn,80232.0,38580480.4343075,NY,Kings,36,047,http://www.usps.com/,0.0,0.0
41,node,2568600819,40.6986454,-73.9337526,,,Richie's Gym,POINT (-73.93375260000001 40.6986454),101,11206,0,Brooklyn,83575.0,40700720.9727291,NY,Kings,36,047,http://www.usps.com/,0.0,0.0
42,node,2629371851,40.7589484,-73.9598017,,,Sutton East Tennis Club,POINT (-73.9598017 40.7589484),193,10022,0,New York,33135.0,12728335.6230472,NY,New York,36,061,http://www.usps.com/,0.0,0.0
67,node,3874819157,40.7573351,-73.9670312,,,Equinox,POINT (-73.96703119999999 40.7573351),193,10022,0,New York,33135.0,12728335.6230472,NY,New York,36,061,http://www.usps.com/,0.0,0.0
145,way,266010411,40.758902,-73.9732146,New York,,Racquet and Tennis Club,POINT (-73.97321460000001 40.758902),193,10022,0,New York,33135.0,12728335.6230472,NY,New York,36,061,http://www.usps.com/,0.0,0.0
43,node,2633090251,40.708853,-73.8695591,Queens,,New York Sports Club,POINT (-73.8695591 40.708853),99,11385,0,Ridgewood,98436.0,124786310.907857,NY,Queens,36,081,http://www.usps.com/,0.0,0.0
86,node,5364866511,40.7041865,-73.8941023,Ridgewood,,Ridgewood YMCA,POINT (-73.8941023 40.7041865),99,11385,0,Ridgewood,98436.0,124786310.907857,NY,Queens,36,081,http://www.usps.com/,0.0,0.0
44,node,2706036841,40.7205109,-73.8461405,,,Lucille Roberts,POINT (-73.8461405 40.7205109),165,11375,0,Forest Hills,68555.0,55587771.8344865,NY,Queens,36,081,http://www.usps.com/,0.0,0.0
45,node,2706059229,40.7211119,-73.8470626,,,New York Sports Club,POINT (-73.8470626 40.7211119),165,11375,0,Forest Hills,68555.0,55587771.8344865,NY,Queens,36,081,http://www.usps.com/,0.0,0.0
193,way,413886376,40.7198523,-73.8485957,,,West Side Tennis Club,POINT (-73.8485957 40.7198523),165,11375,0,Forest Hills,68555.0,55587771.8344865,NY,Queens,36,081,http://www.usps.com/,0.0,0.0
46,node,2706939852,40.746596,-73.9856791,New York,,Throwback Fitness,POINT (-73.9856791 40.746596),84,10016,0,New York,54606.0,15042403.0377915,NY,New York,36,061,http://www.usps.com/,0.0,0.0
50,node,2838087252,40.7410264,-73.9035892,,,Big Six Fitness,POINT (-73.9035892 40.7410264),74,11377,0,Woodside,90852.0,71832387.4944802,NY,Queens,36,081,http://www.usps.com/,0.0,0.0
52,node,2865415729,40.742787,-73.7386156,,,,POINT (-73.7386156 40.742787),77,11364,0,Oakland Gardens,33937.0,84259665.0529601,NY,Queens,36,081,http://www.usps.com/,0.0,0.0
53,node,2865415730,40.7433148,-73.7415003,,,,POINT (-73.7415003 40.7433148),77,11364,0,Oakland Gardens,33937.0,84259665.0529601,NY,Queens,36,081,http://www.usps.com/,0.0,0.0
54,node,2865415743,40.7405796,-73.7354977,,,Alley Athletic Playground,POINT (-73.7354977 40.7405796),162,11426,0,Bellerose,20050.0,49609163.5394305,NY,Queens,36,081,http://www.usps.com/,0.0,0.0
191,way,404419156,40.7317877,-73.7298258,,,Padavan-Preller Fields,POINT (-73.7298258 40.7317877),162,11426,0,Bellerose,20050.0,49609163.5394305,NY,Queens,36,081,http://www.usps.com/,0.0,0.0
55,node,2870692485,40.7034647,-73.7994571,Jamaica,,24 Hour Fitness,POINT (-73.7994571 40.7034647),177,11433,0,Jamaica,33679.0,47739432.5965324,NY,Queens,36,081,http://www.usps.com/,0.0,0.0
59,node,3452885684,40.7610521,-73.9237586,Astoria,,Yoga Agora,POINT (-73.9237586 40.7610521),72,11106,0,Astoria,38665.0,23866112.7254688,NY,Queens,36,081,http://www.usps.com/,0.0,0.0
60,node,3627346236,40.8344844,-73.9450017,,,Planet Fitness,POINT (-73.94500170000001 40.8344844),32,10032,0,New York,57606.0,23159566.0923429,NY,New York,36,061,http://www.usps.com/,0.0,0.0
61,node,3676832434,40.7324198,-73.9855162,New York,,Synergy Fitness Clubs,POINT (-73.98551620000001 40.7324198),90,10003,0,New York,55878.0,15538376.2696663,NY,New York,36,061,http://www.usps.com/,0.0,0.0
62,node,3677010927,40.7314081,-73.9832397,New York,,14th Street Y – Sports Center,POINT (-73.9832397 40.7314081),90,10003,0,New York,55878.0,15538376.2696663,NY,New York,36,061,http://www.usps.com/,0.0,0.0
70,node,4113144392,40.7272833,-73.9917095,,,Crunch,POINT (-73.9917095 40.7272833),90,10003,0,New York,55878.0,15538376.2696663,NY,New York,36,061,http://www.usps.com/,0.0,0.0
101,node,5910751755,40.7355377,-73.9918887,,,Union Square Barbell Club,POINT (-73.9918887 40.7355377),90,10003,0,New York,55878.0,15538376.2696663,NY,New York,36,061,http://www.usps.com/,0.0,0.0
125,way,226241507,40.7345878,-73.9886264,,,New York Sports Club,POINT (-73.9886264 40.7345878),90,10003,0,New York,55878.0,15538376.2696663,NY,New York,36,061,http://www.usps.com/,0.0,0.0
64,node,3785188588,40.7673429,-73.9880059,New York City,,Planet Fitness,POINT (-73.9880059 40.7673429),187,10019,0,New York,41966.0,18828383.1167983,NY,New York,36,061,http://www.usps.com/,0.0,0.0
69,node,4067829660,40.7273039,-73.8534543,,,New York Sports Club - Rego Park,POINT (-73.8534543 40.7273039),167,11374,0,Rego Park,42755.0,25203558.5810222,NY,Queens,36,081,http://www.usps.com/,0.0,0.0
102,node,5910885658,40.7318714,-73.8654874,,,LBH of NYC Dept of Parks Weightlifting,POINT (-73.86548740000001 40.7318714),167,11374,0,Rego Park,42755.0,25203558.5810222,NY,Queens,36,081,http://www.usps.com/,0.0,0.0
71,node,4194007173,40.6823351,-73.9960907,Brooklyn,,Body Elite,POINT (-73.9960907 40.6823351),118,11231,0,Brooklyn,33144.0,39379691.7940637,NY,Kings,36,047,http://www.usps.com/,0.0,0.0
72,node,4317415001,40.710436,-73.9666811,Brooklyn,,Crossfit Outbreak,POINT (-73.9666811 40.710436),260,11249,0,Brooklyn,28481.0,17772206.1701202,NY,Kings,36,047,http://www.usps.com/,0.0,0.0
73,node,4317415002,40.711316,-73.9659017,Brooklyn,,Soma Williamsburg,POINT (-73.9659017 40.711316),260,11249,0,Brooklyn,28481.0,17772206.1701202,NY,Kings,36,047,http://www.usps.com/,0.0,0.0
92,node,5910361056,40.7221792,-73.9553928,Brooklyn,,Northside Lifting Club,POINT (-73.9553928 40.7221792),260,11249,0,Brooklyn,28481.0,17772206.1701202,NY,Kings,36,047,http://www.usps.com/,0.0,0.0
74,node,4408737750,40.7073709,-74.0108202,New York,,Equinox Wall Street,POINT (-74.0108202 40.7073709),104,10005,0,New York,8107.0,2082901.14073505,NY,New York,36,061,http://www.usps.com/,0.0,0.0
83,node,4685779446,40.7284133,-74.0130056,,,P3 Batting Cage,POINT (-74.0130056 40.7284133),89,10014,0,New York,31328.0,14151052.0304172,NY,New York,36,061,http://www.usps.com/,0.0,0.0
85,node,5178740949,40.7640882,-73.8262727,Flushing,,Flushing YMCA,POINT (-73.8262727 40.7640882),63,11354,0,Flushing,58525.0,61985147.4508045,NY,Queens,36,081,http://www.usps.com/,0.0,0.0
205,way,533867047,40.7639059,-73.8263789,Flushing,,Flushing YMCA,POINT (-73.82637889999999 40.7639059),63,11354,0,Flushing,58525.0,61985147.4508045,NY,Queens,36,081,http://www.usps.com/,0.0,0.0
88,node,5607297102,40.7867888,-73.950455,,,Steep Rock Bouldering,POINT (-73.95045500000001 40.7867888),53,10029,0,New York,77503.0,22963435.6769661,NY,New York,36,061,http://www.usps.com/,0.0,0.0
97,node,5910474549,40.724843,-74.0021971,,,Riverside Weightlifting,POINT (-74.0021971 40.724843),95,10012,0,New York,24276.0,9193738.99955164,NY,New York,36,061,http://www.usps.com/,0.0,0.0
98,node,5910583822,40.67765,-73.9567766,,,Murder of Crows Weightlifting Club,POINT (-73.9567766 40.67765),117,11238,0,Brooklyn,46664.0,29429423.4614794,NY,Kings,36,047,http://www.usps.com/,0.0,0.0
99,node,5910583823,40.7539234,-73.9930307,,,New York City Barbell,POINT (-73.99303070000001 40.7539234),78,10018,0,New York,5503.0,10705796.4791701,NY,New York,36,061,http://www.usps.com/,0.0,0.0
100,node,5910620573,40.7175381,-73.9925679,,,JDI Barbell Club,POINT (-73.9925679 40.7175381),92,10002,0,New York,81305.0,26280128.5438885,NY,New York,36,061,http://www.usps.com/,0.0,0.0
106,way,26615871,40.7899194,-73.9620589,,,Central Park Tennis Center,POINT (-73.9620589 40.7899194),54,00083,0,Central Park,25.0,38300990.399943,NY,New York,36,061,http://www.usps.com/,0.0,0.0
120,way,118729387,40.7912179,-73.9595269,New York,,North Meadow Recreation Center,POINT (-73.9595269 40.7912179),54,00083,0,Central Park,25.0,38300990.399943,NY,New York,36,061,http://www.usps.com/,0.0,0.0
121,way,118729390,40.7964486,-73.954526,,,Loula D. Lasker Memorial Pool and Rink,POINT (-73.954526 40.7964486),54,00083,0,Central Park,25.0,38300990.399943,NY,New York,36,061,http://www.usps.com/,0.0,0.0
108,way,34901727,40.5924066,-74.1524282,,,Island Swim Club,POINT (-74.1524282 40.5924066),137,10314,0,Staten Island,85430.0,473985727.130054,NY,Richmond,36,085,http://www.usps.com/,0.0,0.0
109,way,34966692,40.6095465,-74.1197781,,,"SI go-karts, mini-golf, roller hockey, batting cages",POINT (-74.1197781 40.6095465),137,10314,0,Staten Island,85430.0,473985727.130054,NY,Richmond,36,085,http://www.usps.com/,0.0,0.0
113,way,35821430,40.6039045,-74.150131,,,,POINT (-74.150131 40.6039045),137,10314,0,Staten Island,85430.0,473985727.130054,NY,Richmond,36,085,http://www.usps.com/,0.0,0.0
111,way,35086122,40.5597255,-74.1474227,,,Great Kills Little League Inc.,POINT (-74.14742270000001 40.5597255),153,10308,0,Staten Island,27612.0,62751041.8151495,NY,Richmond,36,085,http://www.usps.com/,0.0,0.0
112,way,35086128,40.5596244,-74.1465257,,,Great Kills Swim Club,POINT (-74.1465257 40.5596244),153,10308,0,Staten Island,27612.0,62751041.8151495,NY,Richmond,36,085,http://www.usps.com/,0.0,0.0
114,way,40535388,40.5534064,-74.1986847,,,,POINT (-74.1986847 40.5534064),155,10312,0,Staten Island,58506.0,169087432.907114,NY,Richmond,36,085,http://www.usps.com/,0.0,0.0
136,way,248360884,40.542542,-74.1627399,,,YMCA South Shore Branch,POINT (-74.16273990000001 40.542542),155,10312,0,Staten Island,58506.0,169087432.907114,NY,Richmond,36,085,http://www.usps.com/,0.0,0.0
115,way,44947880,40.8126373,-73.8455042,,,YMCA,POINT (-73.84550419999999 40.8126373),40,10473,0,Bronx,58284.0,59522354.5402765,NY,Bronx,36,005,http://www.usps.com/,0.0,0.0
165,way,282077685,40.8161342,-73.8558738,,,,POINT (-73.8558738 40.8161342),40,10473,0,Bronx,58284.0,59522354.5402765,NY,Bronx,36,005,http://www.usps.com/,0.0,0.0
116,way,58460758,40.5205158,-74.2369081,,,Fastbreak Basketball Center,POINT (-74.23690809999999 40.5205158),157,10307,0,Staten Island,14096.0,46028382.6297602,NY,Richmond,36,085,http://www.usps.com/,0.0,0.0
117,way,59379119,40.5485247,-74.222809,,,Staten Island Paintball Center,POINT (-74.222809 40.5485247),156,10309,0,Staten Island,33114.0,215835793.517094,NY,Richmond,36,085,http://www.usps.com/,0.0,0.0
118,way,118527506,40.8262366,-73.9568377,,,Basketball,POINT (-73.95683769999999 40.8262366),36,10031,0,New York,57010.0,16902152.3659099,NY,New York,36,061,http://www.usps.com/,0.0,0.0
119,way,118527530,40.8257583,-73.955808,,,Skating Rink,POINT (-73.955808 40.8257583),36,10031,0,New York,57010.0,16902152.3659099,NY,New York,36,061,http://www.usps.com/,0.0,0.0
123,way,224023183,40.8128349,-73.9393318,,,Hansborough Recreation Center,POINT (-73.93933180000001 40.8128349),45,10037,0,New York,16931.0,7188980.95342821,NY,New York,36,061,http://www.usps.com/,0.0,0.0
124,way,224709635,40.576121,-73.9738816,,,,POINT (-73.9738816 40.576121),152,11224,0,Brooklyn,49600.0,46701983.7536391,NY,Kings,36,047,http://www.usps.com/,0.0,0.0
137,way,248474683,40.572968,-73.9858947,,,Abe Stark Skating Arena,POINT (-73.9858947 40.572968),152,11224,0,Brooklyn,49600.0,46701983.7536391,NY,Kings,36,047,http://www.usps.com/,0.0,0.0
127,way,234727505,40.5894232,-73.8016222,,swimming_pool,Rockaways YMCA,POINT (-73.8016222 40.5894232),147,11692,0,Arverne,18018.0,23992395.3811918,NY,Queens,36,081,http://www.usps.com/,0.0,0.0
130,way,244880335,40.6253752,-74.1136346,,,YMCA Broadway Branch,POINT (-74.1136346 40.6253752),258,10310,0,Staten Island,25003.0,53463275.0024921,NY,Richmond,36,085,http://www.usps.com/,0.0,0.0
135,way,248237259,40.6686627,-73.9843667,Brooklyn,,Prospect Park YMCA,POINT (-73.9843667 40.6686627),122,11215,0,Brooklyn,63272.0,61922821.7461638,NY,Kings,36,047,http://www.usps.com/,0.0,0.0
146,way,266907783,40.7791393,-73.9438847,,,Asphalt Green Aquacenter,POINT (-73.9438847 40.7791393),59,10128,0,New York,55748.0,11011681.5568226,NY,New York,36,061,http://www.usps.com/,0.0,0.0
149,way,271584630,40.646794,-73.9138003,,,Planet Fitness Gym,POINT (-73.91380030000001 40.646794),128,11236,0,Brooklyn,94480.0,96373991.6201046,NY,Kings,36,047,http://www.usps.com/,0.0,0.0
152,way,271823290,40.8147036,-73.9429469,,,Harlem Branch YMCA,POINT (-73.9429469 40.8147036),41,10030,0,New York,26720.0,7757661.4549303,NY,New York,36,061,http://www.usps.com/,0.0,0.0
156,way,275284116,40.8114873,-73.9140926,,,St. Mary's Swimming Pool,POINT (-73.9140926 40.8114873),47,10454,0,Bronx,37466.0,31063613.325308,NY,Bronx,36,005,http://www.usps.com/,0.0,0.0
157,way,276273759,40.8566321,-73.9112793,,,Alumni Gymnasium,POINT (-73.9112793 40.8566321),25,10453,0,Bronx,77576.0,25748509.2716743,NY,Bronx,36,005,http://www.usps.com/,0.0,0.0
158,way,276516895,40.8907267,-73.9002974,,,Draddy Gymnasium,POINT (-73.9002974 40.8907267),10,10471,0,Bronx,23477.0,89651407.0583499,NY,Bronx,36,005,http://www.usps.com/,0.0,0.0
159,way,276544415,40.9050304,-73.9083482,,community_centre,The Riverdale YM-YWHA,POINT (-73.90834820000001 40.9050304),10,10471,0,Bronx,23477.0,89651407.0583499,NY,Bronx,36,005,http://www.usps.com/,0.0,0.0
194,way,419968836,40.8900872,-73.8962712,,,,POINT (-73.8962712 40.8900872),10,10471,0,Bronx,23477.0,89651407.0583499,NY,Bronx,36,005,http://www.usps.com/,0.0,0.0
160,way,277175614,40.7812869,-73.7712936,,,The Bay Club,POINT (-73.77129360000001 40.7812869),57,11360,0,Bayside,18973.0,38834824.1713414,NY,Queens,36,081,http://www.usps.com/,0.0,0.0
184,way,373350945,40.7900384,-73.7850366,,,,POINT (-73.7850366 40.7900384),57,11360,0,Bayside,18973.0,38834824.1713414,NY,Queens,36,081,http://www.usps.com/,0.0,0.0
204,way,531024255,40.7806668,-73.7784964,,,,POINT (-73.77849639999999 40.7806668),57,11360,0,Bayside,18973.0,38834824.1713414,NY,Queens,36,081,http://www.usps.com/,0.0,0.0
166,way,284629478,40.7513834,-73.8337301,,,Al Oerter Recreation Center,POINT (-73.8337301 40.7513834),75,11355,0,Flushing,82809.0,49383079.083945,NY,Queens,36,081,http://www.usps.com/,0.0,0.0
167,way,284865839,40.7931153,-73.9194639,,,Sportime Tennis,POINT (-73.9194639 40.7931153),253,10035,0,New York,34884.0,23494871.4647732,NY,New York,36,061,http://www.usps.com/,0.0,0.0
168,way,284882418,40.7568014,-73.9545169,,,Roosevelt Island Racquet Club,POINT (-73.9545169 40.7568014),69,10044,0,New York,11661.0,6296113.26884279,NY,New York,36,061,http://www.usps.com/,0.0,0.0
169,way,284882422,40.7563489,-73.954877,,,Roosevelt Island Sportspark,POINT (-73.954877 40.7563489),69,10044,0,New York,11661.0,6296113.26884279,NY,New York,36,061,http://www.usps.com/,0.0,0.0
173,way,306588159,40.7127319,-73.8970137,,,Hugo's Tae Kwon Do,POINT (-73.8970137 40.7127319),172,11379,0,Middle Village,35428.0,57622817.0453818,NY,Queens,36,081,http://www.usps.com/,0.0,0.0
207,way,554959290,40.6610552,-73.9357691,,,Old Boys High Field,POINT (-73.9357691 40.6610552),126,11203,0,Brooklyn,78060.0,60644835.4561565,NY,Kings,36,047,http://www.usps.com/,0.0,0.0
